count,loop start,loop end,loop end -loop start,next start-curr start,next end -curr end,,,,Average,,
1,1618926109,1618926109,0.038889885,0.038889885,0.063840151,,,,loop end -loop start,next start-curr start,next end -curr end
2,1618926109,1618926109,0.063840151,0.063840151,0.04535985,,,time,0.040511833,0.040513201,0.040506375
3,1618926109,1618926109,0.04535985,0.04535985,0.046869993,,,frequency,24.68414608,24.68331245,24.68747204
4,1618926109,1618926109,0.046869993,0.046869993,0.036900043,,,,,,
5,1618926109,1618926109,0.036900043,0.036900043,0.036900043,,,,,,
6,1618926109,1618926110,0.036900043,0.036900043,0.047869921,,,,,,
7,1618926110,1618926110,0.047869921,0.047869921,0.042900085,,,,,,
8,1618926110,1618926110,0.042900085,0.042900085,0.037889957,,,,,,
9,1618926110,1618926110,0.037889957,0.037889957,0.036900043,,,,,,
10,1618926110,1618926110,0.036900043,0.036900043,0.037899971,,,,,,
11,1618926110,1618926110,0.037899971,0.037899971,0.037899971,,,,,,
12,1618926110,1618926110,0.037899971,0.037899971,0.038890123,,,,,,
13,1618926110,1618926110,0.038890123,0.038890123,0.05885005,,,,,,
14,1618926110,1618926110,0.05885005,0.05885005,0.054849863,,,,,,
15,1618926110,1618926110,0.054849863,0.054849863,0.040889978,,,,,,
16,1618926110,1618926110,0.040889978,0.040889978,0.042880058,,,,,,
17,1618926110,1618926110,0.042880058,0.042880058,0.041889906,,,,,,
18,1618926110,1618926110,0.041889906,0.041889906,0.051860094,,,,,,
19,1618926110,1618926110,0.051860094,0.051860094,0.039900064,,,,,,
20,1618926110,1618926110,0.039900064,0.039900064,0.040889978,,,,,,
21,1618926110,1618926110,0.040889978,0.040889978,0.055850029,,,,,,
22,1618926110,1618926110,0.055850029,0.055850029,0.046869993,,,,,,
23,1618926110,1618926110,0.046869993,0.046869993,0.043889999,,,,,,
24,1618926110,1618926110,0.043889999,0.043889999,0.039890051,,,,,,
25,1618926110,1618926110,0.039890051,0.039890051,0.041889906,,,,,,
26,1618926110,1618926110,0.041889906,0.041889906,0.03489995,,,,,,
27,1618926110,1618926110,0.03489995,0.03489995,0.036900043,,,,,,
28,1618926110,1618926110,0.036900043,0.036900043,0.03760004,,,,,,
29,1618926110,1618926110,0.03760004,0.03760004,0.044889927,,,,,,
30,1618926110,1618926111,0.044889927,0.044889927,0.045870066,,,,,,
31,1618926111,1618926111,0.045870066,0.045870066,0.037899971,,,,,,
32,1618926111,1618926111,0.037899971,0.037899971,0.034909964,,,,,,
33,1618926111,1618926111,0.034909964,0.034909964,0.036900043,,,,,,
34,1618926111,1618926111,0.036900043,0.036900043,0.035909891,,,,,,
35,1618926111,1618926111,0.035909891,0.035909891,0.035900116,,,,,,
36,1618926111,1618926111,0.035900116,0.035900116,0.044879913,,,,,,
37,1618926111,1618926111,0.044879913,0.044879913,0.040889978,,,,,,
38,1618926111,1618926111,0.040889978,0.040889978,0.038890123,,,,,,
39,1618926111,1618926111,0.038890123,0.038890123,0.036910057,,,,,,
40,1618926111,1618926111,0.036910057,0.036910057,0.035899878,,,,,,
41,1618926111,1618926111,0.035899878,0.035899878,0.037899971,,,,,,
42,1618926111,1618926111,0.037899971,0.037899971,0.039890051,,,,,,
43,1618926111,1618926111,0.039890051,0.039890051,0.055860043,,,,,,
44,1618926111,1618926111,0.055860043,0.055860043,0.045870066,,,,,,
45,1618926111,1618926111,0.045870066,0.045870066,0.044879913,,,,,,
46,1618926111,1618926111,0.044879913,0.044879913,0.041889906,,,,,,
47,1618926111,1618926111,0.041889906,0.041889906,0.038890123,,,,,,
48,1618926111,1618926111,0.038890123,0.038890123,0.038899899,,,,,,
49,1618926111,1618926111,0.038899899,0.038899899,0.057840109,,,,,,
50,1618926111,1618926111,0.057840109,0.057840109,0.040889978,,,,,,
51,1618926111,1618926111,0.040889978,0.040889978,0.035909891,,,,,,
52,1618926111,1618926111,0.035909891,0.035909891,0.036910057,,,,,,
53,1618926111,1618926111,0.036910057,0.036910057,0.035890102,,,,,,
54,1618926111,1618926112,0.035890102,0.035890102,0.038909912,,,,,,
55,1618926112,1618926112,0.038909912,0.038909912,0.04685998,,,,,,
56,1618926112,1618926112,0.04685998,0.04685998,0.037899971,,,,,,
57,1618926112,1618926112,0.037899971,0.037899971,0.040889978,,,,,,
58,1618926112,1618926112,0.040889978,0.040889978,0.039950132,,,,,,
59,1618926112,1618926112,0.039950132,0.039950132,0.035909891,,,,,,
60,1618926112,1618926112,0.035909891,0.035909891,0.037889957,,,,,,
61,1618926112,1618926112,0.037889957,0.037889957,0.05637002,,,,,,
62,1618926112,1618926112,0.05637002,0.05637002,0.041880131,,,,,,
63,1618926112,1618926112,0.041880131,0.041880131,0.041129827,,,,,,
64,1618926112,1618926112,0.041129827,0.041129827,0.03591013,,,,,,
65,1618926112,1618926112,0.03591013,0.03591013,0.040879965,,,,,,
66,1618926112,1618926112,0.040879965,0.040879965,0.036000013,,,,,,
67,1618926112,1618926112,0.036000013,0.036000013,0.044879913,,,,,,
68,1618926112,1618926112,0.044879913,0.044879913,0.041890144,,,,,,
69,1618926112,1618926112,0.041890144,0.041890144,0.039890051,,,,,,
70,1618926112,1618926112,0.039890051,0.039890051,0.03489995,,,,,,
71,1618926112,1618926112,0.03489995,0.03489995,0.037689924,,,,,,
72,1618926112,1618926112,0.037689924,0.037689924,0.037899971,,,,,,
73,1618926112,1618926112,0.037899971,0.037899971,0.041880131,,,,,,
74,1618926112,1618926112,0.041880131,0.041880131,0.048869848,,,,,,
75,1618926112,1618926112,0.048869848,0.048869848,0.032910109,,,,,,
76,1618926112,1618926112,0.032910109,0.032910109,0.033910036,,,,,,
77,1618926112,1618926112,0.033910036,0.033910036,0.032919884,,,,,,
78,1618926112,1618926112,0.032919884,0.032919884,0.03489995,,,,,,
79,1618926112,1618926113,0.03489995,0.03489995,0.036650181,,,,,,
80,1618926113,1618926113,0.036650181,0.036650181,0.047869921,,,,,,
81,1618926113,1618926113,0.047869921,0.047869921,0.034909964,,,,,,
82,1618926113,1618926113,0.034909964,0.034909964,0.035900116,,,,,,
83,1618926113,1618926113,0.035900116,0.035900116,0.035899878,,,,,,
84,1618926113,1618926113,0.035899878,0.035899878,0.035099983,,,,,,
85,1618926113,1618926113,0.035099983,0.035099983,0.038890123,,,,,,
86,1618926113,1618926113,0.038890123,0.038890123,0.034909964,,,,,,
87,1618926113,1618926113,0.034909964,0.034909964,0.049390078,,,,,,
88,1618926113,1618926113,0.049390078,0.049390078,0.034909964,,,,,,
89,1618926113,1618926113,0.034909964,0.034909964,0.03606987,,,,,,
90,1618926113,1618926113,0.03606987,0.03606987,0.034909964,,,,,,
91,1618926113,1618926113,0.034909964,0.034909964,0.034900188,,,,,,
92,1618926113,1618926113,0.034900188,0.034900188,0.035429955,,,,,,
93,1618926113,1618926113,0.035429955,0.035429955,0.048869848,,,,,,
94,1618926113,1618926113,0.048869848,0.048869848,0.045870066,,,,,,
95,1618926113,1618926113,0.045870066,0.045870066,0.037899971,,,,,,
96,1618926113,1618926113,0.037899971,0.037899971,0.034909964,,,,,,
97,1618926113,1618926113,0.034909964,0.034909964,0.036900043,,,,,,
98,1618926113,1618926113,0.036900043,0.036900043,0.036900043,,,,,,
99,1618926113,1618926113,0.036900043,0.036900043,0.038909912,,,,,,
100,1618926113,1618926113,0.038909912,0.038909912,0.048870087,,,,,,
101,1618926113,1618926113,0.048870087,0.048870087,0.033910036,,,,,,
102,1618926113,1618926113,0.033910036,0.033910036,0.033910036,,,,,,
103,1618926113,1618926113,0.033910036,0.033910036,0.034909964,,,,,,
104,1618926113,1618926113,0.034909964,0.034909964,0.033910036,,,,,,
105,1618926113,1618926113,0.033910036,0.033910036,0.036900043,,,,,,
106,1618926113,1618926114,0.036900043,0.036900043,0.052859783,,,,,,
107,1618926114,1618926114,0.052859783,0.052859783,0.033910036,,,,,,
108,1618926114,1618926114,0.033910036,0.033910036,0.034900188,,,,,,
109,1618926114,1618926114,0.034900188,0.034900188,0.036899805,,,,,,
110,1618926114,1618926114,0.036899805,0.036899805,0.033910036,,,,,,
111,1618926114,1618926114,0.033910036,0.033910036,0.036910057,,,,,,
112,1618926114,1618926114,0.036910057,0.036910057,0.03489995,,,,,,
113,1618926114,1618926114,0.03489995,0.03489995,0.046869993,,,,,,
114,1618926114,1618926114,0.046869993,0.046869993,0.047879934,,,,,,
115,1618926114,1618926114,0.047879934,0.047879934,0.040280104,,,,,,
116,1618926114,1618926114,0.040280104,0.040280104,0.034909964,,,,,,
117,1618926114,1618926114,0.034909964,0.034909964,0.036900043,,,,,,
118,1618926114,1618926114,0.036900043,0.036900043,0.033910036,,,,,,
119,1618926114,1618926114,0.033910036,0.033910036,0.044879913,,,,,,
120,1618926114,1618926114,0.044879913,0.044879913,0.037899971,,,,,,
121,1618926114,1618926114,0.037899971,0.037899971,0.039510012,,,,,,
122,1618926114,1618926114,0.039510012,0.039510012,0.036900043,,,,,,
123,1618926114,1618926114,0.036900043,0.036900043,0.034909964,,,,,,
124,1618926114,1618926114,0.034909964,0.034909964,0.036900043,,,,,,
125,1618926114,1618926114,0.036900043,0.036900043,0.032910109,,,,,,
126,1618926114,1618926114,0.032910109,0.032910109,0.041889906,,,,,,
127,1618926114,1618926114,0.041889906,0.041889906,0.048870087,,,,,,
128,1618926114,1618926114,0.048870087,0.048870087,0.03876996,,,,,,
129,1618926114,1618926114,0.03876996,0.03876996,0.038889885,,,,,,
130,1618926114,1618926114,0.038889885,0.038889885,0.041890144,,,,,,
131,1618926114,1618926115,0.041890144,0.041890144,0.035379887,,,,,,
132,1618926115,1618926115,0.035379887,0.035379887,0.04689002,,,,,,
133,1618926115,1618926115,0.04689002,0.04689002,0.031889915,,,,,,
134,1618926115,1618926115,0.031889915,0.031889915,0.03591013,,,,,,
135,1618926115,1618926115,0.03591013,0.03591013,0.037899971,,,,,,
136,1618926115,1618926115,0.037899971,0.037899971,0.033910036,,,,,,
137,1618926115,1618926115,0.033910036,0.033910036,0.035899878,,,,,,
138,1618926115,1618926115,0.035899878,0.035899878,0.036900043,,,,,,
139,1618926115,1618926115,0.036900043,0.036900043,0.045880079,,,,,,
140,1618926115,1618926115,0.045880079,0.045880079,0.045870066,,,,,,
141,1618926115,1618926115,0.045870066,0.045870066,0.036909819,,,,,,
142,1618926115,1618926115,0.036909819,0.036909819,0.037890196,,,,,,
143,1618926115,1618926115,0.037890196,0.037890196,0.034909964,,,,,,
144,1618926115,1618926115,0.034909964,0.034909964,0.036899805,,,,,,
145,1618926115,1618926115,0.036899805,0.036899805,0.044880152,,,,,,
146,1618926115,1618926115,0.044880152,0.044880152,0.039890051,,,,,,
147,1618926115,1618926115,0.039890051,0.039890051,0.128659964,,,,,,
148,1618926115,1618926115,0.128659964,0.128659964,0.333109856,,,,,,
149,1618926115,1618926116,0.333109856,0.333109856,0.273830175,,,,,,
150,1618926116,1618926116,0.273830175,0.273830175,0.082569838,,,,,,
151,1618926116,1618926116,0.082569838,0.082569838,0.036900043,,,,,,
152,1618926116,1618926116,0.036900043,0.036900043,0.033910036,,,,,,
153,1618926116,1618926116,0.033910036,0.033910036,0.03489995,,,,,,
154,1618926116,1618926116,0.03489995,0.03489995,0.044880152,,,,,,
155,1618926116,1618926116,0.044880152,0.044880152,0.035909891,,,,,,
156,1618926116,1618926116,0.035909891,0.035909891,0.039890051,,,,,,
157,1618926116,1618926116,0.039890051,0.039890051,0.034909964,,,,,,
158,1618926116,1618926116,0.034909964,0.034909964,0.036900043,,,,,,
159,1618926116,1618926116,0.036900043,0.036900043,0.036900043,,,,,,
160,1618926116,1618926116,0.036900043,0.036900043,0.038899899,,,,,,
161,1618926116,1618926116,0.038899899,0.038899899,0.046869993,,,,,,
162,1618926116,1618926116,0.046869993,0.046869993,0.035900116,,,,,,
163,1618926116,1618926116,0.035900116,0.035900116,0.034909964,,,,,,
164,1618926116,1618926116,0.034909964,0.034909964,0.035909891,,,,,,
165,1618926116,1618926116,0.035909891,0.035909891,0.035900116,,,,,,
166,1618926116,1618926117,0.035900116,0.035900116,0.034909964,,,,,,
167,1618926117,1618926117,0.034909964,0.034909964,0.045870066,,,,,,
168,1618926117,1618926117,0.045870066,0.045870066,0.04189992,,,,,,
169,1618926117,1618926117,0.04189992,0.04189992,0.033910036,,,,,,
170,1618926117,1618926117,0.033910036,0.033910036,0.035899878,,,,,,
171,1618926117,1618926117,0.035899878,0.035899878,0.039900064,,,,,,
172,1618926117,1618926117,0.039900064,0.039900064,0.033910036,,,,,,
173,1618926117,1618926117,0.033910036,0.033910036,0.040889978,,,,,,
174,1618926117,1618926117,0.040889978,0.040889978,0.049870014,,,,,,
175,1618926117,1618926117,0.049870014,0.049870014,0.036900043,,,,,,
176,1618926117,1618926117,0.036900043,0.036900043,0.041889906,,,,,,
177,1618926117,1618926117,0.041889906,0.041889906,0.037889957,,,,,,
178,1618926117,1618926117,0.037889957,0.037889957,0.033910036,,,,,,
179,1618926117,1618926117,0.033910036,0.033910036,0.038759947,,,,,,
180,1618926117,1618926117,0.038759947,0.038759947,0.045880079,,,,,,
181,1618926117,1618926117,0.045880079,0.045880079,0.033910036,,,,,,
182,1618926117,1618926117,0.033910036,0.033910036,0.033529997,,,,,,
183,1618926117,1618926117,0.033529997,0.033529997,0.03489995,,,,,,
184,1618926117,1618926117,0.03489995,0.03489995,0.034909964,,,,,,
185,1618926117,1618926117,0.034909964,0.034909964,0.037899971,,,,,,
186,1618926117,1618926117,0.037899971,0.037899971,0.043879986,,,,,,
187,1618926117,1618926117,0.043879986,0.043879986,0.051860094,,,,,,
188,1618926117,1618926117,0.051860094,0.051860094,0.035909891,,,,,,
189,1618926117,1618926117,0.035909891,0.035909891,0.035900116,,,,,,
190,1618926117,1618926117,0.035900116,0.035900116,0.03779006,,,,,,
191,1618926117,1618926117,0.03779006,0.03779006,0.035899878,,,,,,
192,1618926117,1618926118,0.035899878,0.035899878,0.035900116,,,,,,
193,1618926118,1618926118,0.035900116,0.035900116,0.054859877,,,,,,
194,1618926118,1618926118,0.054859877,0.054859877,0.032910109,,,,,,
195,1618926118,1618926118,0.032910109,0.032910109,0.033910036,,,,,,
196,1618926118,1618926118,0.033910036,0.033910036,0.033910036,,,,,,
197,1618926118,1618926118,0.033910036,0.033910036,0.038899899,,,,,,
198,1618926118,1618926118,0.038899899,0.038899899,0.035899878,,,,,,
199,1618926118,1618926118,0.035899878,0.035899878,0.042890072,,,,,,
200,1618926118,1618926118,0.042890072,0.042890072,0.041880131,,,,,,
201,1618926118,1618926118,0.041880131,0.041880131,0.033909798,,,,,,
202,1618926118,1618926118,0.033909798,0.033909798,0.03591013,,,,,,
203,1618926118,1618926118,0.03591013,0.03591013,0.033900023,,,,,,
204,1618926118,1618926118,0.033900023,0.033900023,0.036910057,,,,,,
205,1618926118,1618926118,0.036910057,0.036910057,0.03489995,,,,,,
206,1618926118,1618926118,0.03489995,0.03489995,0.045879841,,,,,,
207,1618926118,1618926118,0.045879841,0.045879841,0.048870087,,,,,,
208,1618926118,1618926118,0.048870087,0.048870087,0.037899971,,,,,,
209,1618926118,1618926118,0.037899971,0.037899971,0.035900116,,,,,,
210,1618926118,1618926118,0.035900116,0.035900116,0.036900043,,,,,,
211,1618926118,1618926118,0.036900043,0.036900043,0.035909891,,,,,,
212,1618926118,1618926118,0.035909891,0.035909891,0.038899899,,,,,,
213,1618926118,1618926118,0.038899899,0.038899899,0.039890051,,,,,,
214,1618926118,1618926118,0.039890051,0.039890051,0.036900043,,,,,,
215,1618926118,1618926118,0.036900043,0.036900043,0.039890051,,,,,,
216,1618926118,1618926118,0.039890051,0.039890051,0.037410021,,,,,,
217,1618926118,1618926118,0.037410021,0.037410021,0.036900043,,,,,,
218,1618926118,1618926119,0.036900043,0.036900043,0.036899805,,,,,,
219,1618926119,1618926119,0.036899805,0.036899805,0.046880007,,,,,,
220,1618926119,1618926119,0.046880007,0.046880007,0.032910109,,,,,,
221,1618926119,1618926119,0.032910109,0.032910109,0.035510063,,,,,,
222,1618926119,1618926119,0.035510063,0.035510063,0.039899826,,,,,,
223,1618926119,1618926119,0.039899826,0.039899826,0.034910202,,,,,,
224,1618926119,1618926119,0.034910202,0.034910202,0.03290987,,,,,,
225,1618926119,1618926119,0.03290987,0.03290987,0.03591013,,,,,,
226,1618926119,1618926119,0.03591013,0.03591013,0.041879892,,,,,,
227,1618926119,1618926119,0.041879892,0.041879892,0.04489994,,,,,,
228,1618926119,1618926119,0.04489994,0.04489994,0.034909964,,,,,,
229,1618926119,1618926119,0.034909964,0.034909964,0.036530018,,,,,,
230,1618926119,1618926119,0.036530018,0.036530018,0.035900116,,,,,,
231,1618926119,1618926119,0.035900116,0.035900116,0.034909964,,,,,,
232,1618926119,1618926119,0.034909964,0.034909964,0.0457201,,,,,,
233,1618926119,1618926119,0.0457201,0.0457201,0.037899971,,,,,,
234,1618926119,1618926119,0.037899971,0.037899971,0.036899805,,,,,,
235,1618926119,1618926119,0.036899805,0.036899805,0.037900209,,,,,,
236,1618926119,1618926119,0.037900209,0.037900209,0.035899878,,,,,,
237,1618926119,1618926119,0.035899878,0.035899878,0.035900116,,,,,,
238,1618926119,1618926119,0.035900116,0.035900116,0.036909819,,,,,,
239,1618926119,1618926119,0.036909819,0.036909819,0.041880131,,,,,,
240,1618926119,1618926119,0.041880131,0.041880131,0.054859877,,,,,,
241,1618926119,1618926119,0.054859877,0.054859877,0.034900188,,,,,,
242,1618926119,1618926119,0.034900188,0.034900188,0.034909964,,,,,,
243,1618926119,1618926119,0.034909964,0.034909964,0.035899878,,,,,,
244,1618926119,1618926120,0.035899878,0.035899878,0.037909985,,,,,,
245,1618926120,1618926120,0.037909985,0.037909985,0.05185008,,,,,,
246,1618926120,1618926120,0.05185008,0.05185008,0.036900043,,,,,,
247,1618926120,1618926120,0.036900043,0.036900043,0.034970045,,,,,,
248,1618926120,1618926120,0.034970045,0.034970045,0.035919905,,,,,,
249,1618926120,1618926120,0.035919905,0.035919905,0.033900023,,,,,,
250,1618926120,1618926120,0.033900023,0.033900023,0.03489995,,,,,,
251,1618926120,1618926120,0.03489995,0.03489995,0.032910109,,,,,,
252,1618926120,1618926120,0.032910109,0.032910109,0.042889833,,,,,,
253,1618926120,1618926120,0.042889833,0.042889833,0.043879986,,,,,,
254,1618926120,1618926120,0.043879986,0.043879986,0.033910036,,,,,,
255,1618926120,1618926120,0.033910036,0.033910036,0.033910036,,,,,,
256,1618926120,1618926120,0.033910036,0.033910036,0.037899971,,,,,,
257,1618926120,1618926120,0.037899971,0.037899971,0.038890123,,,,,,
258,1618926120,1618926120,0.038890123,0.038890123,0.040899992,,,,,,
259,1618926120,1618926120,0.040899992,0.040899992,0.054849863,,,,,,
260,1618926120,1618926120,0.054849863,0.054849863,0.046869993,,,,,,
261,1618926120,1618926120,0.046869993,0.046869993,0.047880173,,,,,,
262,1618926120,1618926120,0.047880173,0.047880173,0.040740013,,,,,,
263,1618926120,1618926120,0.040740013,0.040740013,0.038899899,,,,,,
264,1618926120,1618926120,0.038899899,0.038899899,0.043879986,,,,,,
265,1618926120,1618926120,0.043879986,0.043879986,0.049870014,,,,,,
266,1618926120,1618926120,0.049870014,0.049870014,0.044879913,,,,,,
267,1618926120,1618926120,0.044879913,0.044879913,0.03670001,,,,,,
268,1618926120,1618926120,0.03670001,0.03670001,0.032910109,,,,,,
269,1618926120,1618926121,0.032910109,0.032910109,0.03290987,,,,,,
270,1618926121,1618926121,0.03290987,0.03290987,0.043690205,,,,,,
271,1618926121,1618926121,0.043690205,0.043690205,0.034909964,,,,,,
272,1618926121,1618926121,0.034909964,0.034909964,0.03290987,,,,,,
273,1618926121,1618926121,0.03290987,0.03290987,0.033910036,,,,,,
274,1618926121,1618926121,0.033910036,0.033910036,0.033910036,,,,,,
275,1618926121,1618926121,0.033910036,0.033910036,0.036410093,,,,,,
276,1618926121,1618926121,0.036410093,0.036410093,0.037899971,,,,,,
277,1618926121,1618926121,0.037899971,0.037899971,0.046880007,,,,,,
278,1618926121,1618926121,0.046880007,0.046880007,0.044879913,,,,,,
279,1618926121,1618926121,0.044879913,0.044879913,0.037909985,,,,,,
280,1618926121,1618926121,0.037909985,0.037909985,0.03689003,,,,,,
281,1618926121,1618926121,0.03689003,0.03689003,0.034919977,,,,,,
282,1618926121,1618926121,0.034919977,0.034919977,0.035900116,,,,,,
283,1618926121,1618926121,0.035900116,0.035900116,0.041889906,,,,,,
284,1618926121,1618926121,0.041889906,0.041889906,0.040889978,,,,,,
285,1618926121,1618926121,0.040889978,0.040889978,0.037899971,,,,,,
286,1618926121,1618926121,0.037899971,0.037899971,0.039890051,,,,,,
287,1618926121,1618926121,0.039890051,0.039890051,0.033910036,,,,,,
288,1618926121,1618926121,0.033910036,0.033910036,0.034909964,,,,,,
289,1618926121,1618926121,0.034909964,0.034909964,0.034909964,,,,,,
290,1618926121,1618926121,0.034909964,0.034909964,0.043879986,,,,,,
291,1618926121,1618926121,0.043879986,0.043879986,0.046869993,,,,,,
292,1618926121,1618926121,0.046869993,0.046869993,0.034909964,,,,,,
293,1618926121,1618926121,0.034909964,0.034909964,0.033910036,,,,,,
294,1618926121,1618926121,0.033910036,0.033910036,0.033910036,,,,,,
295,1618926121,1618926122,0.033910036,0.033910036,0.03489995,,,,,,
296,1618926122,1618926122,0.03489995,0.03489995,0.03591013,,,,,,
297,1618926122,1618926122,0.03591013,0.03591013,0.047869921,,,,,,
298,1618926122,1618926122,0.047869921,0.047869921,0.038899899,,,,,,
299,1618926122,1618926122,0.038899899,0.038899899,0.034900188,,,,,,
300,1618926122,1618926122,0.034900188,0.034900188,0.036909819,,,,,,
301,1618926122,1618926122,0.036909819,0.036909819,0.034900188,,,,,,
302,1618926122,1618926122,0.034900188,0.034900188,0.086390018,,,,,,
303,1618926122,1618926122,0.086390018,0.086390018,0.058839798,,,,,,
304,1618926122,1618926122,0.058839798,0.058839798,0.03591013,,,,,,
305,1618926122,1618926122,0.03591013,0.03591013,0.045880079,,,,,,
306,1618926122,1618926122,0.045880079,0.045880079,0.047869921,,,,,,
307,1618926122,1618926122,0.047869921,0.047869921,0.036900043,,,,,,
308,1618926122,1618926122,0.036900043,0.036900043,0.056849957,,,,,,
309,1618926122,1618926122,0.056849957,0.056849957,0.049860001,,,,,,
310,1618926122,1618926122,0.049860001,0.049860001,0.050869942,,,,,,
311,1618926122,1618926122,0.050869942,0.050869942,0.049860001,,,,,,
312,1618926122,1618926122,0.049860001,0.049860001,0.034909964,,,,,,
313,1618926122,1618926122,0.034909964,0.034909964,0.045880079,,,,,,
314,1618926122,1618926122,0.045880079,0.045880079,0.037899971,,,,,,
315,1618926122,1618926122,0.037899971,0.037899971,0.033910036,,,,,,
316,1618926122,1618926122,0.033910036,0.033910036,0.03489995,,,,,,
317,1618926122,1618926122,0.03489995,0.03489995,0.039900064,,,,,,
318,1618926122,1618926123,0.039900064,0.039900064,0.033910036,,,,,,
319,1618926123,1618926123,0.033910036,0.033910036,0.037899971,,,,,,
320,1618926123,1618926123,0.037899971,0.037899971,0.046880007,,,,,,
321,1618926123,1618926123,0.046880007,0.046880007,0.033910036,,,,,,
322,1618926123,1618926123,0.033910036,0.033910036,0.035899878,,,,,,
323,1618926123,1618926123,0.035899878,0.035899878,0.03489995,,,,,,
324,1618926123,1618926123,0.03489995,0.03489995,0.041890144,,,,,,
325,1618926123,1618926123,0.041890144,0.041890144,0.046869993,,,,,,
326,1618926123,1618926123,0.046869993,0.046869993,0.042889833,,,,,,
327,1618926123,1618926123,0.042889833,0.042889833,0.040890217,,,,,,
328,1618926123,1618926123,0.040890217,0.040890217,0.040889978,,,,,,
329,1618926123,1618926123,0.040889978,0.040889978,0.048869848,,,,,,
330,1618926123,1618926123,0.048869848,0.048869848,0.035900116,,,,,,
331,1618926123,1618926123,0.035900116,0.035900116,0.045879841,,,,,,
332,1618926123,1618926123,0.045879841,0.045879841,0.052370071,,,,,,
333,1618926123,1618926123,0.052370071,0.052370071,0.044880152,,,,,,
334,1618926123,1618926123,0.044880152,0.044880152,0.04287982,,,,,,
335,1618926123,1618926123,0.04287982,0.04287982,0.044890165,,,,,,
336,1618926123,1618926123,0.044890165,0.044890165,0.044879913,,,,,,
337,1618926123,1618926123,0.044879913,0.044879913,0.050869942,,,,,,
338,1618926123,1618926123,0.050869942,0.050869942,0.037899971,,,,,,
339,1618926123,1618926123,0.037899971,0.037899971,0.040879965,,,,,,
340,1618926123,1618926123,0.040879965,0.040879965,0.047880173,,,,,,
341,1618926123,1618926123,0.047880173,0.047880173,0.038889885,,,,,,
342,1618926123,1618926124,0.038889885,0.038889885,0.045880079,,,,,,
343,1618926124,1618926124,0.045880079,0.045880079,0.047179937,,,,,,
344,1618926124,1618926124,0.047179937,0.047179937,0.040889978,,,,,,
345,1618926124,1618926124,0.040889978,0.040889978,0.035900116,,,,,,
346,1618926124,1618926124,0.035900116,0.035900116,0.037899971,,,,,,
347,1618926124,1618926124,0.037899971,0.037899971,0.036900043,,,,,,
348,1618926124,1618926124,0.036900043,0.036900043,0.040249825,,,,,,
349,1618926124,1618926124,0.040249825,0.040249825,0.05087018,,,,,,
350,1618926124,1618926124,0.05087018,0.05087018,0.040339947,,,,,,
351,1618926124,1618926124,0.040339947,0.040339947,0.034909964,,,,,,
352,1618926124,1618926124,0.034909964,0.034909964,0.035900116,,,,,,
353,1618926124,1618926124,0.035900116,0.035900116,0.034909964,,,,,,
354,1618926124,1618926124,0.034909964,0.034909964,0.036900043,,,,,,
355,1618926124,1618926124,0.036900043,0.036900043,0.044879913,,,,,,
356,1618926124,1618926124,0.044879913,0.044879913,0.046880007,,,,,,
357,1618926124,1618926124,0.046880007,0.046880007,0.041879892,,,,,,
358,1618926124,1618926124,0.041879892,0.041879892,0.037899971,,,,,,
359,1618926124,1618926124,0.037899971,0.037899971,0.035950184,,,,,,
360,1618926124,1618926124,0.035950184,0.035950184,0.038899899,,,,,,
361,1618926124,1618926124,0.038899899,0.038899899,0.040889978,,,,,,
362,1618926124,1618926124,0.040889978,0.040889978,0.042880058,,,,,,
363,1618926124,1618926124,0.042880058,0.042880058,0.049870014,,,,,,
364,1618926124,1618926124,0.049870014,0.049870014,0.042880058,,,,,,
365,1618926124,1618926124,0.042880058,0.042880058,0.038899899,,,,,,
366,1618926124,1618926125,0.038899899,0.038899899,0.042890072,,,,,,
367,1618926125,1618926125,0.042890072,0.042890072,0.040889978,,,,,,
368,1618926125,1618926125,0.040889978,0.040889978,0.041879892,,,,,,
369,1618926125,1618926125,0.041879892,0.041879892,0.034909964,,,,,,
370,1618926125,1618926125,0.034909964,0.034909964,0.039900064,,,,,,
371,1618926125,1618926125,0.039900064,0.039900064,0.045870066,,,,,,
372,1618926125,1618926125,0.045870066,0.045870066,0.041889906,,,,,,
373,1618926125,1618926125,0.041889906,0.041889906,0.041890144,,,,,,
374,1618926125,1618926125,0.041890144,0.041890144,0.046389818,,,,,,
375,1618926125,1618926125,0.046389818,0.046389818,0.053850174,,,,,,
376,1618926125,1618926125,0.053850174,0.053850174,0.036900043,,,,,,
377,1618926125,1618926125,0.036900043,0.036900043,0.044879913,,,,,,
378,1618926125,1618926125,0.044879913,0.044879913,0.049089909,,,,,,
379,1618926125,1618926125,0.049089909,0.049089909,0.053860188,,,,,,
380,1618926125,1618926125,0.053860188,0.053860188,0.042889833,,,,,,
381,1618926125,1618926125,0.042889833,0.042889833,0.033910036,,,,,,
382,1618926125,1618926125,0.033910036,0.033910036,0.033910036,,,,,,
383,1618926125,1618926125,0.033910036,0.033910036,0.035899878,,,,,,
384,1618926125,1618926125,0.035899878,0.035899878,0.036900043,,,,,,
385,1618926125,1618926125,0.036900043,0.036900043,0.041890144,,,,,,
386,1618926125,1618926125,0.041890144,0.041890144,0.040889978,,,,,,
387,1618926125,1618926125,0.040889978,0.040889978,0.042889833,,,,,,
388,1618926125,1618926125,0.042889833,0.042889833,0.038500071,,,,,,
389,1618926125,1618926125,0.038500071,0.038500071,0.040879965,,,,,,
390,1618926125,1618926126,0.040879965,0.040879965,0.037899971,,,,,,
391,1618926126,1618926126,0.037899971,0.037899971,0.043889999,,,,,,
392,1618926126,1618926126,0.043889999,0.043889999,0.047870159,,,,,,
393,1618926126,1618926126,0.047870159,0.047870159,0.040889978,,,,,,
394,1618926126,1618926126,0.040889978,0.040889978,0.039890051,,,,,,
395,1618926126,1618926126,0.039890051,0.039890051,0.041889906,,,,,,
396,1618926126,1618926126,0.041889906,0.041889906,0.039890051,,,,,,
397,1618926126,1618926126,0.039890051,0.039890051,0.033910036,,,,,,
398,1618926126,1618926126,0.033910036,0.033910036,0.040889978,,,,,,
399,1618926126,1618926126,0.040889978,0.040889978,0.053859949,,,,,,
400,1618926126,1618926126,0.053859949,0.053859949,0.033910036,,,,,,
401,1618926126,1618926126,0.033910036,0.033910036,0.036900043,,,,,,
402,1618926126,1618926126,0.036900043,0.036900043,0.036899805,,,,,,
403,1618926126,1618926126,0.036899805,0.036899805,0.038900137,,,,,,
404,1618926126,1618926126,0.038900137,0.038900137,0.052860022,,,,,,
405,1618926126,1618926126,0.052860022,0.052860022,0.042880058,,,,,,
406,1618926126,1618926126,0.042880058,0.042880058,0.035899878,,,,,,
407,1618926126,1618926126,0.035899878,0.035899878,0.03392005,,,,,,
408,1618926126,1618926126,0.03392005,0.03392005,0.037889957,,,,,,
409,1618926126,1618926126,0.037889957,0.037889957,0.034909964,,,,,,
410,1618926126,1618926126,0.034909964,0.034909964,0.039890051,,,,,,
411,1618926126,1618926126,0.039890051,0.039890051,0.043889999,,,,,,
412,1618926126,1618926126,0.043889999,0.043889999,0.050859928,,,,,,
413,1618926126,1618926126,0.050859928,0.050859928,0.039190054,,,,,,
414,1618926126,1618926126,0.039190054,0.039190054,0.039900064,,,,,,
415,1618926126,1618926127,0.039900064,0.039900064,0.045879841,,,,,,
416,1618926127,1618926127,0.045879841,0.045879841,0.050860167,,,,,,
417,1618926127,1618926127,0.050860167,0.050860167,0.035899878,,,,,,
418,1618926127,1618926127,0.035899878,0.035899878,0.034600019,,,,,,
419,1618926127,1618926127,0.034600019,0.034600019,0.03489995,,,,,,
420,1618926127,1618926127,0.03489995,0.03489995,0.036910057,,,,,,
421,1618926127,1618926127,0.036910057,0.036910057,0.03489995,,,,,,
422,1618926127,1618926127,0.03489995,0.03489995,0.034909964,,,,,,
423,1618926127,1618926127,0.034909964,0.034909964,0.044880152,,,,,,
424,1618926127,1618926127,0.044880152,0.044880152,0.039890051,,,,,,
425,1618926127,1618926127,0.039890051,0.039890051,0.039899826,,,,,,
426,1618926127,1618926127,0.039899826,0.039899826,0.043100119,,,,,,
427,1618926127,1618926127,0.043100119,0.043100119,0.045870066,,,,,,
428,1618926127,1618926127,0.045870066,0.045870066,0.040409803,,,,,,
429,1618926127,1618926127,0.040409803,0.040409803,0.050860167,,,,,,
430,1618926127,1618926127,0.050860167,0.050860167,0.032919884,,,,,,
431,1618926127,1618926127,0.032919884,0.032919884,0.035900116,,,,,,
432,1618926127,1618926127,0.035900116,0.035900116,0.035909891,,,,,,
433,1618926127,1618926127,0.035909891,0.035909891,0.036900043,,,,,,
434,1618926127,1618926127,0.036900043,0.036900043,0.033910036,,,,,,
435,1618926127,1618926127,0.033910036,0.033910036,0.038909912,,,,,,
436,1618926127,1618926127,0.038909912,0.038909912,0.052839994,,,,,,
437,1618926127,1618926127,0.052839994,0.052839994,0.036960125,,,,,,
438,1618926127,1618926127,0.036960125,0.036960125,0.03689003,,,,,,
439,1618926127,1618926127,0.03689003,0.03689003,0.035899878,,,,,,
440,1618926127,1618926128,0.035899878,0.035899878,0.036900043,,,,,,
441,1618926128,1618926128,0.036900043,0.036900043,0.039910078,,,,,,
442,1618926128,1618926128,0.039910078,0.039910078,0.043869972,,,,,,
443,1618926128,1618926128,0.043869972,0.043869972,0.038889885,,,,,,
444,1618926128,1618926128,0.038889885,0.038889885,0.039900064,,,,,,
445,1618926128,1618926128,0.039900064,0.039900064,0.03489995,,,,,,
446,1618926128,1618926128,0.03489995,0.03489995,0.034909964,,,,,,
447,1618926128,1618926128,0.034909964,0.034909964,0.033910036,,,,,,
448,1618926128,1618926128,0.033910036,0.033910036,0.042890072,,,,,,
449,1618926128,1618926128,0.042890072,0.042890072,0.046869993,,,,,,
450,1618926128,1618926128,0.046869993,0.046869993,0.033910036,,,,,,
451,1618926128,1618926128,0.033910036,0.033910036,0.033910036,,,,,,
452,1618926128,1618926128,0.033910036,0.033910036,0.037899971,,,,,,
453,1618926128,1618926128,0.037899971,0.037899971,0.03489995,,,,,,
454,1618926128,1618926128,0.03489995,0.03489995,0.036900043,,,,,,
455,1618926128,1618926128,0.036900043,0.036900043,0.041889906,,,,,,
456,1618926128,1618926128,0.041889906,0.041889906,0.050519943,,,,,,
457,1618926128,1618926128,0.050519943,0.050519943,0.036900043,,,,,,
458,1618926128,1618926128,0.036900043,0.036900043,0.037899971,,,,,,
459,1618926128,1618926128,0.037899971,0.037899971,0.03489995,,,,,,
460,1618926128,1618926128,0.03489995,0.03489995,0.037900209,,,,,,
461,1618926128,1618926128,0.037900209,0.037900209,0.043889999,,,,,,
462,1618926128,1618926128,0.043889999,0.043889999,0.040889978,,,,,,
463,1618926128,1618926128,0.040889978,0.040889978,0.035899878,,,,,,
464,1618926128,1618926128,0.035899878,0.035899878,0.035490036,,,,,,
465,1618926128,1618926128,0.035490036,0.035490036,0.034909964,,,,,,
466,1618926128,1618926129,0.034909964,0.034909964,0.036900043,,,,,,
467,1618926129,1618926129,0.036900043,0.036900043,0.034909964,,,,,,
468,1618926129,1618926129,0.034909964,0.034909964,0.044880152,,,,,,
469,1618926129,1618926129,0.044880152,0.044880152,0.043389797,,,,,,
470,1618926129,1618926129,0.043389797,0.043389797,0.034910202,,,,,,
471,1618926129,1618926129,0.034910202,0.034910202,0.033909798,,,,,,
472,1618926129,1618926129,0.033909798,0.033909798,0.033910036,,,,,,
473,1618926129,1618926129,0.033910036,0.033910036,0.033910036,,,,,,
474,1618926129,1618926129,0.033910036,0.033910036,0.038900137,,,,,,
475,1618926129,1618926129,0.038900137,0.038900137,0.0448699,,,,,,
476,1618926129,1618926129,0.0448699,0.0448699,0.036910057,,,,,,
477,1618926129,1618926129,0.036910057,0.036910057,0.036900043,,,,,,
478,1618926129,1618926129,0.036900043,0.036900043,0.037899971,,,,,,
479,1618926129,1618926129,0.037899971,0.037899971,0.035899878,,,,,,
480,1618926129,1618926129,0.035899878,0.035899878,0.032910109,,,,,,
481,1618926129,1618926129,0.032910109,0.032910109,0.047869921,,,,,,
482,1618926129,1618926129,0.047869921,0.047869921,0.04189992,,,,,,
483,1618926129,1618926129,0.04189992,0.04189992,0.036900043,,,,,,
484,1618926129,1618926129,0.036900043,0.036900043,0.035920143,,,,,,
485,1618926129,1618926129,0.035920143,0.035920143,0.03489995,,,,,,
486,1618926129,1618926129,0.03489995,0.03489995,0.035899878,,,,,,
487,1618926129,1618926129,0.035899878,0.035899878,0.034900188,,,,,,
488,1618926129,1618926129,0.034900188,0.034900188,0.049869776,,,,,,
489,1618926129,1618926129,0.049869776,0.049869776,0.040890217,,,,,,
490,1618926129,1618926129,0.040890217,0.040890217,0.040889978,,,,,,
491,1618926129,1618926129,0.040889978,0.040889978,0.035909891,,,,,,
492,1618926129,1618926130,0.035909891,0.035909891,0.036900043,,,,,,
493,1618926130,1618926130,0.036900043,0.036900043,0.034420013,,,,,,
494,1618926130,1618926130,0.034420013,0.034420013,0.041889906,,,,,,
495,1618926130,1618926130,0.041889906,0.041889906,0.038900137,,,,,,
496,1618926130,1618926130,0.038900137,0.038900137,0.035909891,,,,,,
497,1618926130,1618926130,0.035909891,0.035909891,0.036900043,,,,,,
498,1618926130,1618926130,0.036900043,0.036900043,0.035899878,,,,,,
499,1618926130,1618926130,0.035899878,0.035899878,0.03760004,,,,,,
500,1618926130,1618926130,0.03760004,0.038600206,0.036900043,,,,,,
501,1618926130,1618926130,0.035899878,0.035899878,0.047879934,,,,,,
502,1618926130,1618926130,0.047879934,0.047879934,0.040889978,,,,,,
503,1618926130,1618926130,0.040889978,0.040889978,0.036920071,,,,,,
504,1618926130,1618926130,0.036920071,0.036920071,0.034670115,,,,,,
505,1618926130,1618926130,0.034670115,0.034670115,0.036909819,,,,,,
506,1618926130,1618926130,0.036909819,0.036909819,0.033910036,,,,,,
507,1618926130,1618926130,0.033910036,0.033910036,0.042390108,,,,,,
508,1618926130,1618926130,0.042390108,0.042390108,0.041879892,,,,,,
509,1618926130,1618926130,0.041879892,0.041879892,0.040400028,,,,,,
510,1618926130,1618926130,0.040400028,0.040400028,0.038900137,,,,,,
511,1618926130,1618926130,0.038900137,0.038900137,0.036899805,,,,,,
512,1618926130,1618926130,0.036899805,0.036899805,0.035900116,,,,,,
513,1618926130,1618926130,0.035900116,0.035900116,0.033910036,,,,,,
514,1618926130,1618926130,0.033910036,0.033910036,0.053859949,,,,,,
515,1618926130,1618926130,0.053859949,0.053859949,0.042880058,,,,,,
516,1618926130,1618926130,0.042880058,0.042880058,0.035909891,,,,,,
517,1618926130,1618926130,0.035909891,0.035909891,0.033910036,,,,,,
518,1618926130,1618926131,0.033910036,0.033910036,0.040889978,,,,,,
519,1618926131,1618926131,0.040889978,0.040889978,0.035900116,,,,,,
520,1618926131,1618926131,0.035900116,0.035900116,0.044889927,,,,,,
521,1618926131,1618926131,0.044889927,0.044889927,0.040879965,,,,,,
522,1618926131,1618926131,0.040879965,0.040879965,0.036900043,,,,,,
523,1618926131,1618926131,0.036900043,0.036900043,0.036910057,,,,,,
524,1618926131,1618926131,0.036910057,0.036910057,0.039890051,,,,,,
525,1618926131,1618926131,0.039890051,0.039890051,0.035899878,,,,,,
526,1618926131,1618926131,0.035899878,0.035899878,0.044879913,,,,,,
527,1618926131,1618926131,0.044879913,0.044879913,0.050880194,,,,,,
528,1618926131,1618926131,0.050880194,0.050880194,0.035889864,,,,,,
529,1618926131,1618926131,0.035889864,0.035889864,0.037899971,,,,,,
530,1618926131,1618926131,0.037899971,0.037899971,0.036900043,,,,,,
531,1618926131,1618926131,0.036900043,0.036900043,0.034909964,,,,,,
532,1618926131,1618926131,0.034909964,0.034909964,0.037039995,,,,,,
533,1618926131,1618926131,0.037039995,0.037039995,0.048870087,,,,,,
534,1618926131,1618926131,0.048870087,0.048870087,0.033429861,,,,,,
535,1618926131,1618926131,0.033429861,0.033429861,0.035890102,,,,,,
536,1618926131,1618926131,0.035890102,0.035890102,0.036910057,,,,,,
537,1618926131,1618926131,0.036910057,0.036910057,0.03489995,,,,,,
538,1618926131,1618926131,0.03489995,0.03489995,0.034909964,,,,,,
539,1618926131,1618926131,0.034909964,0.034909964,0.041890144,,,,,,
540,1618926131,1618926131,0.041890144,0.041890144,0.045879841,,,,,,
541,1618926131,1618926131,0.045879841,0.045879841,0.037950039,,,,,,
542,1618926131,1618926131,0.037950039,0.037950039,0.032920122,,,,,,
543,1618926131,1618926132,0.032920122,0.032920122,0.037889957,,,,,,
544,1618926132,1618926132,0.037889957,0.037889957,0.03489995,,,,,,
545,1618926132,1618926132,0.03489995,0.03489995,0.032850027,,,,,,
546,1618926132,1618926132,0.032850027,0.032850027,0.044889927,,,,,,
547,1618926132,1618926132,0.044889927,0.044889927,0.036900043,,,,,,
548,1618926132,1618926132,0.036900043,0.036900043,0.032459974,,,,,,
549,1618926132,1618926132,0.032459974,0.032459974,0.034909964,,,,,,
550,1618926132,1618926132,0.034909964,0.034909964,0.03489995,,,,,,
551,1618926132,1618926132,0.03489995,0.03489995,0.034910202,,,,,,
552,1618926132,1618926132,0.034910202,0.034910202,0.033909798,,,,,,
553,1618926132,1618926132,0.033909798,0.033909798,0.047380209,,,,,,
554,1618926132,1618926132,0.047380209,0.047380209,0.037899971,,,,,,
555,1618926132,1618926132,0.037899971,0.037899971,0.034909964,,,,,,
556,1618926132,1618926132,0.034909964,0.034909964,0.038889885,,,,,,
557,1618926132,1618926132,0.038889885,0.038889885,0.038900137,,,,,,
558,1618926132,1618926132,0.038900137,0.038900137,0.043879986,,,,,,
559,1618926132,1618926132,0.043879986,0.043879986,0.041889906,,,,,,
560,1618926132,1618926132,0.041889906,0.041889906,0.042880058,,,,,,
561,1618926132,1618926132,0.042880058,0.042880058,0.034909964,,,,,,
562,1618926132,1618926132,0.034909964,0.034909964,0.033910036,,,,,,
563,1618926132,1618926132,0.033910036,0.033910036,0.034909964,,,,,,
564,1618926132,1618926132,0.034909964,0.034909964,0.033910036,,,,,,
565,1618926132,1618926132,0.033910036,0.033910036,0.031909943,,,,,,
566,1618926132,1618926132,0.031909943,0.031909943,0.044670105,,,,,,
567,1618926132,1618926132,0.044670105,0.044670105,0.045399904,,,,,,
568,1618926132,1618926132,0.045399904,0.045399904,0.040889978,,,,,,
569,1618926132,1618926132,0.040889978,0.040889978,0.03591013,,,,,,
570,1618926132,1618926133,0.03591013,0.03591013,0.033900023,,,,,,
571,1618926133,1618926133,0.033900023,0.033900023,0.033909798,,,,,,
572,1618926133,1618926133,0.033909798,0.033909798,0.036910057,,,,,,
573,1618926133,1618926133,0.036910057,0.036910057,0.044880152,,,,,,
574,1618926133,1618926133,0.044880152,0.044880152,0.03489995,,,,,,
575,1618926133,1618926133,0.03489995,0.03489995,0.034909964,,,,,,
576,1618926133,1618926133,0.034909964,0.034909964,0.036900043,,,,,,
577,1618926133,1618926133,0.036900043,0.036900043,0.033910036,,,,,,
578,1618926133,1618926133,0.033910036,0.033910036,0.037899971,,,,,,
579,1618926133,1618926133,0.037899971,0.037899971,0.038889885,,,,,,
580,1618926133,1618926133,0.038889885,0.038889885,0.046880007,,,,,,
581,1618926133,1618926133,0.046880007,0.046880007,0.033910036,,,,,,
582,1618926133,1618926133,0.033910036,0.033910036,0.037899971,,,,,,
583,1618926133,1618926133,0.037899971,0.037899971,0.037430048,,,,,,
584,1618926133,1618926133,0.037430048,0.037430048,0.038899899,,,,,,
585,1618926133,1618926133,0.038899899,0.038899899,0.039890051,,,,,,
586,1618926133,1618926133,0.039890051,0.039890051,0.056849957,,,,,,
587,1618926133,1618926133,0.056849957,0.056849957,0.047870159,,,,,,
588,1618926133,1618926133,0.047870159,0.047870159,0.037919998,,,,,,
589,1618926133,1618926133,0.037919998,0.037919998,0.03489995,,,,,,
590,1618926133,1618926133,0.03489995,0.03489995,0.03512001,,,,,,
591,1618926133,1618926133,0.03512001,0.03512001,0.034909964,,,,,,
592,1618926133,1618926133,0.034909964,0.034909964,0.045389891,,,,,,
593,1618926133,1618926133,0.045389891,0.045389891,0.037890196,,,,,,
594,1618926133,1618926133,0.037890196,0.037890196,0.036909819,,,,,,
595,1618926133,1618926133,0.036909819,0.036909819,0.037410021,,,,,,
596,1618926133,1618926134,0.037410021,0.037410021,0.038890123,,,,,,
597,1618926134,1618926134,0.038890123,0.038890123,0.036910057,,,,,,
598,1618926134,1618926134,0.036910057,0.036910057,0.040879965,,,,,,
599,1618926134,1618926134,0.040879965,0.040879965,0.042889833,,,,,,
600,1618926134,1618926134,0.042889833,0.042889833,0.034910202,,,,,,
601,1618926134,1618926134,0.034910202,0.034910202,0.036899805,,,,,,
602,1618926134,1618926134,0.036899805,0.036899805,0.032910109,,,,,,
603,1618926134,1618926134,0.032910109,0.032910109,0.033910036,,,,,,
604,1618926134,1618926134,0.033910036,0.033910036,0.035899878,,,,,,
605,1618926134,1618926134,0.035899878,0.035899878,0.045880079,,,,,,
606,1618926134,1618926134,0.045880079,0.045880079,0.040899992,,,,,,
607,1618926134,1618926134,0.040899992,0.040899992,0.03489995,,,,,,
608,1618926134,1618926134,0.03489995,0.03489995,0.035900116,,,,,,
609,1618926134,1618926134,0.035900116,0.035900116,0.033910036,,,,,,
610,1618926134,1618926134,0.033910036,0.033910036,0.035909891,,,,,,
611,1618926134,1618926134,0.035909891,0.035909891,0.036900043,,,,,,
612,1618926134,1618926134,0.036900043,0.036900043,0.09375,,,,,,
613,1618926134,1618926134,0.09375,0.09375,0.037899971,,,,,,
614,1618926134,1618926134,0.037899971,0.037899971,0.041879892,,,,,,
615,1618926134,1618926134,0.041879892,0.041879892,0.034910202,,,,,,
616,1618926134,1618926134,0.034910202,0.034910202,0.034909964,,,,,,
617,1618926134,1618926134,0.034909964,0.034909964,0.049379826,,,,,,
618,1618926134,1618926134,0.049379826,0.049379826,0.040890217,,,,,,
619,1618926134,1618926134,0.040890217,0.040890217,0.04287982,,,,,,
620,1618926134,1618926135,0.04287982,0.04287982,0.033910036,,,,,,
621,1618926135,1618926135,0.033910036,0.033910036,0.034909964,,,,,,
622,1618926135,1618926135,0.034909964,0.034909964,0.050909996,,,,,,
623,1618926135,1618926135,0.050909996,0.050909996,0.049860001,,,,,,
624,1618926135,1618926135,0.049860001,0.049860001,0.036900043,,,,,,
625,1618926135,1618926135,0.036900043,0.036900043,0.051870108,,,,,,
626,1618926135,1618926135,0.051870108,0.051870108,0.052850008,,,,,,
627,1618926135,1618926135,0.052850008,0.052850008,0.04211998,,,,,,
628,1618926135,1618926135,0.04211998,0.04211998,0.045869827,,,,,,
629,1618926135,1618926135,0.045869827,0.045869827,0.04640007,,,,,,
630,1618926135,1618926135,0.04640007,0.04640007,0.042880058,,,,,,
631,1618926135,1618926135,0.042880058,0.042880058,0.033910036,,,,,,
632,1618926135,1618926135,0.033910036,0.033910036,0.03990984,,,,,,
633,1618926135,1618926135,0.03990984,0.03990984,0.03689003,,,,,,
634,1618926135,1618926135,0.03689003,0.03689003,0.038900137,,,,,,
635,1618926135,1618926135,0.038900137,0.038900137,0.04287982,,,,,,
636,1618926135,1618926135,0.04287982,0.04287982,0.037890196,,,,,,
637,1618926135,1618926135,0.037890196,0.037890196,0.03290987,,,,,,
638,1618926135,1618926135,0.03290987,0.03290987,0.034909964,,,,,,
639,1618926135,1618926135,0.034909964,0.034909964,0.038900137,,,,,,
640,1618926135,1618926135,0.038900137,0.038900137,0.038889885,,,,,,
641,1618926135,1618926135,0.038889885,0.038889885,0.033910036,,,,,,
642,1618926135,1618926135,0.033910036,0.033910036,0.050869942,,,,,,
643,1618926135,1618926135,0.050869942,0.050869942,0.033910036,,,,,,
644,1618926135,1618926135,0.033910036,0.033910036,0.040889978,,,,,,
645,1618926135,1618926136,0.040889978,0.040889978,0.031910181,,,,,,
646,1618926136,1618926136,0.031910181,0.031910181,0.042889833,,,,,,
647,1618926136,1618926136,0.042889833,0.042889833,0.051860094,,,,,,
648,1618926136,1618926136,0.051860094,0.051860094,0.037899971,,,,,,
649,1618926136,1618926136,0.037899971,0.037899971,0.033910036,,,,,,
650,1618926136,1618926136,0.033910036,0.033910036,0.033910036,,,,,,
651,1618926136,1618926136,0.033910036,0.033910036,0.038889885,,,,,,
652,1618926136,1618926136,0.038889885,0.038889885,0.03591013,,,,,,
653,1618926136,1618926136,0.03591013,0.03591013,0.03489995,,,,,,
654,1618926136,1618926136,0.03489995,0.03489995,0.038899899,,,,,,
655,1618926136,1618926136,0.038899899,0.038899899,0.059839964,,,,,,
656,1618926136,1618926136,0.059839964,0.059839964,0.035900116,,,,,,
657,1618926136,1618926136,0.035900116,0.035900116,0.032919884,,,,,,
658,1618926136,1618926136,0.032919884,0.032919884,0.035900116,,,,,,
659,1618926136,1618926136,0.035900116,0.035900116,0.038899899,,,,,,
660,1618926136,1618926136,0.038899899,0.038899899,0.036900043,,,,,,
661,1618926136,1618926136,0.036900043,0.036900043,0.047869921,,,,,,
662,1618926136,1618926136,0.047869921,0.047869921,0.044800043,,,,,,
663,1618926136,1618926136,0.044800043,0.044800043,0.043879986,,,,,,
664,1618926136,1618926136,0.043879986,0.043879986,0.040889978,,,,,,
665,1618926136,1618926136,0.040889978,0.040889978,0.038900137,,,,,,
666,1618926136,1618926136,0.038900137,0.038900137,0.035899878,,,,,,
667,1618926136,1618926136,0.035899878,0.035899878,0.049410105,,,,,,
668,1618926136,1618926136,0.049410105,0.049410105,0.041879892,,,,,,
669,1618926136,1618926136,0.041879892,0.041879892,0.033910036,,,,,,
670,1618926136,1618926137,0.033910036,0.033910036,0.039900064,,,,,,
671,1618926137,1618926137,0.039900064,0.039900064,0.03489995,,,,,,
672,1618926137,1618926137,0.03489995,0.03489995,0.036910057,,,,,,
673,1618926137,1618926137,0.036910057,0.036910057,0.044879913,,,,,,
674,1618926137,1618926137,0.044879913,0.044879913,0.037889957,,,,,,
675,1618926137,1618926137,0.037889957,0.037889957,0.038900137,,,,,,
676,1618926137,1618926137,0.038900137,0.038900137,0.031909943,,,,,,
677,1618926137,1618926137,0.031909943,0.031909943,0.03591013,,,,,,
678,1618926137,1618926137,0.03591013,0.03591013,0.038899899,,,,,,
679,1618926137,1618926137,0.038899899,0.038899899,0.031909943,,,,,,
680,1618926137,1618926137,0.031909943,0.031909943,0.053859949,,,,,,
681,1618926137,1618926137,0.053859949,0.053859949,0.041880131,,,,,,
682,1618926137,1618926137,0.041880131,0.041880131,0.035909891,,,,,,
683,1618926137,1618926137,0.035909891,0.035909891,0.038890123,,,,,,
684,1618926137,1618926137,0.038890123,0.038890123,0.034909964,,,,,,
685,1618926137,1618926137,0.034909964,0.034909964,0.03489995,,,,,,
686,1618926137,1618926137,0.03489995,0.03489995,0.046880007,,,,,,
687,1618926137,1618926137,0.046880007,0.046880007,0.036900043,,,,,,
688,1618926137,1618926137,0.036900043,0.036900043,0.035909891,,,,,,
689,1618926137,1618926137,0.035909891,0.035909891,0.032910109,,,,,,
690,1618926137,1618926137,0.032910109,0.032910109,0.033910036,,,,,,
691,1618926137,1618926137,0.033910036,0.033910036,0.03290987,,,,,,
692,1618926137,1618926137,0.03290987,0.03290987,0.034910202,,,,,,
693,1618926137,1618926137,0.034910202,0.034910202,0.049860001,,,,,,
694,1618926137,1618926137,0.049860001,0.049860001,0.041889906,,,,,,
695,1618926137,1618926137,0.041889906,0.041889906,0.036900043,,,,,,
696,1618926137,1618926138,0.036900043,0.036900043,0.037899971,,,,,,
697,1618926138,1618926138,0.037899971,0.037899971,0.033910036,,,,,,
698,1618926138,1618926138,0.033910036,0.033910036,0.035899878,,,,,,
699,1618926138,1618926138,0.035899878,0.035899878,0.046880007,,,,,,
700,1618926138,1618926138,0.046880007,0.046880007,0.037899971,,,,,,
701,1618926138,1618926138,0.037899971,0.037899971,0.03771019,,,,,,
702,1618926138,1618926138,0.03771019,0.03771019,0.034909964,,,,,,
703,1618926138,1618926138,0.034909964,0.034909964,0.03489995,,,,,,
704,1618926138,1618926138,0.03489995,0.03489995,0.038419962,,,,,,
705,1618926138,1618926138,0.038419962,0.038419962,0.041889906,,,,,,
706,1618926138,1618926138,0.041889906,0.041889906,0.049380064,,,,,,
707,1618926138,1618926138,0.049380064,0.049380064,0.031919956,,,,,,
708,1618926138,1618926138,0.031919956,0.031919956,0.036900043,,,,,,
709,1618926138,1618926138,0.036900043,0.036900043,0.031909943,,,,,,
710,1618926138,1618926138,0.031909943,0.031909943,0.03591013,,,,,,
711,1618926138,1618926138,0.03591013,0.03591013,0.03489995,,,,,,
712,1618926138,1618926138,0.03489995,0.03489995,0.042890072,,,,,,
713,1618926138,1618926138,0.042890072,0.042890072,0.042880058,,,,,,
714,1618926138,1618926138,0.042880058,0.042880058,0.037919998,,,,,,
715,1618926138,1618926138,0.037919998,0.037919998,0.035889864,,,,,,
716,1618926138,1618926138,0.035889864,0.035889864,0.033910036,,,,,,
717,1618926138,1618926138,0.033910036,0.033910036,0.037889957,,,,,,
718,1618926138,1618926138,0.037889957,0.037889957,0.032920122,,,,,,
719,1618926138,1618926138,0.032920122,0.032920122,0.046869993,,,,,,
720,1618926138,1618926138,0.046869993,0.046869993,0.038899899,,,,,,
721,1618926138,1618926138,0.038899899,0.038899899,0.035900116,,,,,,
722,1618926138,1618926139,0.035900116,0.035900116,0.033909798,,,,,,
723,1618926139,1618926139,0.033909798,0.033909798,0.034910202,,,,,,
724,1618926139,1618926139,0.034910202,0.034910202,0.038899899,,,,,,
725,1618926139,1618926139,0.038899899,0.038899899,0.03489995,,,,,,
726,1618926139,1618926139,0.03489995,0.03489995,0.041890144,,,,,,
727,1618926139,1618926139,0.041890144,0.041890144,0.044879913,,,,,,
728,1618926139,1618926139,0.044879913,0.044879913,0.032910109,,,,,,
729,1618926139,1618926139,0.032910109,0.032910109,0.033909798,,,,,,
730,1618926139,1618926139,0.033909798,0.033909798,0.042900085,,,,,,
731,1618926139,1618926139,0.042900085,0.042900085,0.033900023,,,,,,
732,1618926139,1618926139,0.033900023,-1618926139,-1618926139,,,,,,
